"Part","Value","Device","Package","Library","Description","AVAILABILITY","BUILT_BY","CENTERLINE_PITCH","COMMENT","COPYRIGHT","DESCRIPTION","DIGI-KEY_PART_NUMBER","EU_ROHS_COMPLIANCE","MANUFACTURER_PART_NUMBER","MF","MP","MPN","NUMBER_OF_POSITIONS","OC_FARNELL","OC_NEWARK","PACKAGE","POPULARITY","PRICE","PRODUCT_TYPE","PURCHASE-URL","SOURCELIBRARY","SOURCE_LIBRARY","TP_SIGNAL_NAME","VENDOR",
"C1","1muF 10V 0603","C0603C105K4PALTU","CAPC17595_90N_KEM","1uF-10V-0603","","","EMA_Frank","","","","","","","C0603C105K4PALTU","","","","","","","","","","","","Kemet_2020-03-25_2a","Kemet_2020-03-25_2.xlr","","Kemet",
"C2","0.1muF","GRM188R71E104KA01D","G-188_MUR","1.1uF-50V-0603","","","","","","Copyright (C) 2015 Accelerated Designs. All rights reserved","","","","GRM188R71E104KA01D","","","","","","","","","","","","Murata_2014-12-31","","","Murata",
"C3","1muF 10V 0603","C0603C105K4PALTU","CAPC17595_90N_KEM","1uF-10V-0603","","","EMA_Frank","","","","","","","C0603C105K4PALTU","","","","","","","","","","","","Kemet_2020-03-25_2a","Kemet_2020-03-25_2.xlr","","Kemet",
"C4","0.1muF","GRM188R71E104KA01D","G-188_MUR","1.1uF-50V-0603","","","","","","Copyright (C) 2015 Accelerated Designs. All rights reserved","","","","GRM188R71E104KA01D","","","","","","","","","","","","Murata_2014-12-31","","","Murata",
"C5","0.1muF","GRM188R71E104KA01D","G-188_MUR","1.1uF-50V-0603","","","","","","Copyright (C) 2015 Accelerated Designs. All rights reserved","","","","GRM188R71E104KA01D","","","","","","","","","","","","Murata_2014-12-31","","","Murata",
"C6","0.1muF","GRM188R71E104KA01D","G-188_MUR","1.1uF-50V-0603","","","","","","Copyright (C) 2015 Accelerated Designs. All rights reserved","","","","GRM188R71E104KA01D","","","","","","","","","","","","Murata_2014-12-31","","","Murata",
"C7","100pF 50V 0603","06035A101JAT2A","CAPC1608X90N","100pf_0603_capacitors","Capacitor: ceramic; MLCC; 100pF; 50V; C0G; ±5%; SMD; 0603","","","","",""," 100pF ±5% 50V Ceramic Capacitor C0G, NP0 0603 (1608 Metric) ","478-1175-1-ND","","","AVX","06035A101JAT2A","","","","","1608 AVX","","","","https://pricing.snapeda.com/search/part/06035A101JAT2A/?ref=eda","","","","",
"C8","100pF 50V 0603","06035A101JAT2A","CAPC1608X90N","100pf_0603_capacitors","Capacitor: ceramic; MLCC; 100pF; 50V; C0G; ±5%; SMD; 0603","","","","",""," 100pF ±5% 50V Ceramic Capacitor C0G, NP0 0603 (1608 Metric) ","478-1175-1-ND","","","AVX","06035A101JAT2A","","","","","1608 AVX","","","","https://pricing.snapeda.com/search/part/06035A101JAT2A/?ref=eda","","","","",
"C9","0.1muF","GRM188R71E104KA01D","G-188_MUR","1.1uF-50V-0603","","","","","","Copyright (C) 2015 Accelerated Designs. All rights reserved","","","","GRM188R71E104KA01D","","","","","","","","","","","","Murata_2014-12-31","","","Murata",
"C10","10muF","GRM21BR61A106KE14L","CAPC2012X135N","0805_10uf_capacitors","CAP 10UF 10VDC X5R 10% SMD 0805 EMBOSSED TAPE","","","","",""," SMD Capacitor X5R(EIA) with Capacitance: 10uF Tol. 10%. Rated Voltage: 10Vdc ","GRM21BR61A106KE14L-ND","","","Murata Electronics","GRM21BR61A106KE14L","","","","","0805 Murata","","","","","","","","",
"C11","0.1muF","GRM188R71E104KA01D","G-188_MUR","1.1uF-50V-0603","","","","","","Copyright (C) 2015 Accelerated Designs. All rights reserved","","","","GRM188R71E104KA01D","","","","","","","","","","","","Murata_2014-12-31","","","Murata",
"C12","10muF","GRM21BR61A106KE14L","CAPC2012X135N","0805_10uf_capacitors","CAP 10UF 10VDC X5R 10% SMD 0805 EMBOSSED TAPE","","","","",""," SMD Capacitor X5R(EIA) with Capacitance: 10uF Tol. 10%. Rated Voltage: 10Vdc ","GRM21BR61A106KE14L-ND","","","Murata Electronics","GRM21BR61A106KE14L","","","","","0805 Murata","","","","","","","","",
"C13","0.1muF","GRM188R71E104KA01D","G-188_MUR","1.1uF-50V-0603","","","","","","Copyright (C) 2015 Accelerated Designs. All rights reserved","","","","GRM188R71E104KA01D","","","","","","","","","","","","Murata_2014-12-31","","","Murata",
"C14","0.1muF","GRM188R71E104KA01D","G-188_MUR","1.1uF-50V-0603","","","","","","Copyright (C) 2015 Accelerated Designs. All rights reserved","","","","GRM188R71E104KA01D","","","","","","","","","","","","Murata_2014-12-31","","","Murata",
"C15","100pF 50V 0603","06035A101JAT2A","CAPC1608X90N","100pf_0603_capacitors","Capacitor: ceramic; MLCC; 100pF; 50V; C0G; ±5%; SMD; 0603","","","","",""," 100pF ±5% 50V Ceramic Capacitor C0G, NP0 0603 (1608 Metric) ","478-1175-1-ND","","","AVX","06035A101JAT2A","","","","","1608 AVX","","","","https://pricing.snapeda.com/search/part/06035A101JAT2A/?ref=eda","","","","",
"C16","100pF 50V 0603","06035A101JAT2A","CAPC1608X90N","100pf_0603_capacitors","Capacitor: ceramic; MLCC; 100pF; 50V; C0G; ±5%; SMD; 0603","","","","",""," 100pF ±5% 50V Ceramic Capacitor C0G, NP0 0603 (1608 Metric) ","478-1175-1-ND","","","AVX","06035A101JAT2A","","","","","1608 AVX","","","","https://pricing.snapeda.com/search/part/06035A101JAT2A/?ref=eda","","","","",
"C17","100pF 50V 0603","06035A101JAT2A","CAPC1608X90N","100pf_0603_capacitors","Capacitor: ceramic; MLCC; 100pF; 50V; C0G; ±5%; SMD; 0603","","","","",""," 100pF ±5% 50V Ceramic Capacitor C0G, NP0 0603 (1608 Metric) ","478-1175-1-ND","","","AVX","06035A101JAT2A","","","","","1608 AVX","","","","https://pricing.snapeda.com/search/part/06035A101JAT2A/?ref=eda","","","","",
"C18","100pF 50V 0603","06035A101JAT2A","CAPC1608X90N","100pf_0603_capacitors","Capacitor: ceramic; MLCC; 100pF; 50V; C0G; ±5%; SMD; 0603","","","","",""," 100pF ±5% 50V Ceramic Capacitor C0G, NP0 0603 (1608 Metric) ","478-1175-1-ND","","","AVX","06035A101JAT2A","","","","","1608 AVX","","","","https://pricing.snapeda.com/search/part/06035A101JAT2A/?ref=eda","","","","",
"C19","0.1muF","GRM188R71E104KA01D","G-188_MUR","1.1uF-50V-0603","","","","","","Copyright (C) 2015 Accelerated Designs. All rights reserved","","","","GRM188R71E104KA01D","","","","","","","","","","","","Murata_2014-12-31","","","Murata",
"C20","100pF 50V 0603","06035A101JAT2A","CAPC1608X90N","100pfcapacitor","Capacitor: ceramic; MLCC; 100pF; 50V; C0G; ±5%; SMD; 0603","","","","",""," 100pF ±5% 50V Ceramic Capacitor C0G, NP0 0603 (1608 Metric) ","478-1175-1-ND","","","AVX","06035A101JAT2A","","","","","1608 AVX","","","","https://pricing.snapeda.com/search/part/06035A101JAT2A/?ref=eda","","","","",
"C21","0.1muF","GRM188R71E104KA01D","G-188_MUR","1.1uF-50V-0603","","","","","","Copyright (C) 2015 Accelerated Designs. All rights reserved","","","","GRM188R71E104KA01D","","","","","","","","","","","","Murata_2014-12-31","","","Murata",
"C22","10muF 25V 1206","C1206C106Z3VAC7800","CAPC3216X180N","10mufcapacitors","","","","","",""," 10µF -20%, +80% 25V Ceramic Capacitor Y5V (F) 1206 (3216 Metric) ","399-15076-1-ND","","","KEMET","C1206C106Z3VAC7800","","","","","3216 KEMET","","","","https://pricing.snapeda.com/search/part/C1206C106Z3VAC7800/?ref=eda","","","","",
"C23","0.1muF","GRM188R71E104KA01D","G-188_MUR","1.1uF-50V-0603","","","","","","Copyright (C) 2015 Accelerated Designs. All rights reserved","","","","GRM188R71E104KA01D","","","","","","","","","","","","Murata_2014-12-31","","","Murata",
"C24","10muF 25V 1206","C1206C106Z3VAC7800","CAPC3216X180N","10mufcapacitors","","","","","",""," 10µF -20%, +80% 25V Ceramic Capacitor Y5V (F) 1206 (3216 Metric) ","399-15076-1-ND","","","KEMET","C1206C106Z3VAC7800","","","","","3216 KEMET","","","","https://pricing.snapeda.com/search/part/C1206C106Z3VAC7800/?ref=eda","","","","",
"C25","1nF 50V 0603","GRM1885C1H102JA01D","CAPC1608X90N","1nfcapacitor","","","","","",""," SMD Capacitor C0G(EIA) with Capacitance: 1000pF Tol. 5%. Rated Voltage: 50Vdc ","490-1451-1-ND","","","Murata","GRM1885C1H102JA01D","","","","","1608 Murata","","","","https://pricing.snapeda.com/search/part/GRM1885C1H102JA01D/?ref=eda","","","","",
"C26","0.1muF","GRM188R71E104KA01D","G-188_MUR","1.1uF-50V-0603","","","","","","Copyright (C) 2015 Accelerated Designs. All rights reserved","","","","GRM188R71E104KA01D","","","","","","","","","","","","Murata_2014-12-31","","","Murata",
"C27","100pF 50V 0603","06035A101JAT2A","CAPC1608X90N","100pfcapacitor","Capacitor: ceramic; MLCC; 100pF; 50V; C0G; ±5%; SMD; 0603","","","","",""," 100pF ±5% 50V Ceramic Capacitor C0G, NP0 0603 (1608 Metric) ","478-1175-1-ND","","","AVX","06035A101JAT2A","","","","","1608 AVX","","","","https://pricing.snapeda.com/search/part/06035A101JAT2A/?ref=eda","","","","",
"C28","0.1muF","GRM188R71E104KA01D","G-188_MUR","1.1uF-50V-0603","","","","","","Copyright (C) 2015 Accelerated Designs. All rights reserved","","","","GRM188R71E104KA01D","","","","","","","","","","","","Murata_2014-12-31","","","Murata",
"C29","10muF 25V 1206","C1206C106Z3VAC7800","CAPC3216X180N","10mufcapacitors","","","","","",""," 10µF -20%, +80% 25V Ceramic Capacitor Y5V (F) 1206 (3216 Metric) ","399-15076-1-ND","","","KEMET","C1206C106Z3VAC7800","","","","","3216 KEMET","","","","https://pricing.snapeda.com/search/part/C1206C106Z3VAC7800/?ref=eda","","","","",
"C30","0.1muF","GRM188R71E104KA01D","G-188_MUR","1.1uF-50V-0603","","","","","","Copyright (C) 2015 Accelerated Designs. All rights reserved","","","","GRM188R71E104KA01D","","","","","","","","","","","","Murata_2014-12-31","","","Murata",
"C31","10muF 25V 1206","C1206C106Z3VAC7800","CAPC3216X180N","10mufcapacitors","","","","","",""," 10µF -20%, +80% 25V Ceramic Capacitor Y5V (F) 1206 (3216 Metric) ","399-15076-1-ND","","","KEMET","C1206C106Z3VAC7800","","","","","3216 KEMET","","","","https://pricing.snapeda.com/search/part/C1206C106Z3VAC7800/?ref=eda","","","","",
"C32","1nF 50V 0603","GRM1885C1H102JA01D","CAPC1608X90N","1nfcapacitor","","","","","",""," SMD Capacitor C0G(EIA) with Capacitance: 1000pF Tol. 5%. Rated Voltage: 50Vdc ","490-1451-1-ND","","","Murata","GRM1885C1H102JA01D","","","","","1608 Murata","","","","https://pricing.snapeda.com/search/part/GRM1885C1H102JA01D/?ref=eda","","","","",
"C33","1muF 10V 0603","C0603C105K4PALTU","CAPC17595_90N_KEM","1uF-10V-0603","","","EMA_Frank","","","","","","","C0603C105K4PALTU","","","","","","","","","","","","Kemet_2020-03-25_2a","Kemet_2020-03-25_2.xlr","","Kemet",
"C34","0.1muF","GRM188R71E104KA01D","G-188_MUR","1.1uF-50V-0603","","","","","","Copyright (C) 2015 Accelerated Designs. All rights reserved","","","","GRM188R71E104KA01D","","","","","","","","","","","","Murata_2014-12-31","","","Murata",
"C35","0.1muF","GRM188R71E104KA01D","G-188_MUR","1.1uF-50V-0603","","","","","","Copyright (C) 2015 Accelerated Designs. All rights reserved","","","","GRM188R71E104KA01D","","","","","","","","","","","","Murata_2014-12-31","","","Murata",
"C36","100pF 50V 0603","06035A101JAT2A","CAPC1608X90N","100pfcapacitor","Capacitor: ceramic; MLCC; 100pF; 50V; C0G; ±5%; SMD; 0603","","","","",""," 100pF ±5% 50V Ceramic Capacitor C0G, NP0 0603 (1608 Metric) ","478-1175-1-ND","","","AVX","06035A101JAT2A","","","","","1608 AVX","","","","https://pricing.snapeda.com/search/part/06035A101JAT2A/?ref=eda","","","","",
"C37","0.1muF","GRM188R71E104KA01D","G-188_MUR","1.1uF-50V-0603","","","","","","Copyright (C) 2015 Accelerated Designs. All rights reserved","","","","GRM188R71E104KA01D","","","","","","","","","","","","Murata_2014-12-31","","","Murata",
"C38","10muF 25V 1206","C1206C106Z3VAC7800","CAPC3216X180N","10mufcapacitors","","","","","",""," 10µF -20%, +80% 25V Ceramic Capacitor Y5V (F) 1206 (3216 Metric) ","399-15076-1-ND","","","KEMET","C1206C106Z3VAC7800","","","","","3216 KEMET","","","","https://pricing.snapeda.com/search/part/C1206C106Z3VAC7800/?ref=eda","","","","",
"C39","0.1muF","GRM188R71E104KA01D","G-188_MUR","1.1uF-50V-0603","","","","","","Copyright (C) 2015 Accelerated Designs. All rights reserved","","","","GRM188R71E104KA01D","","","","","","","","","","","","Murata_2014-12-31","","","Murata",
"C40","10muF 25V 1206","C1206C106Z3VAC7800","CAPC3216X180N","10mufcapacitors","","","","","",""," 10µF -20%, +80% 25V Ceramic Capacitor Y5V (F) 1206 (3216 Metric) ","399-15076-1-ND","","","KEMET","C1206C106Z3VAC7800","","","","","3216 KEMET","","","","https://pricing.snapeda.com/search/part/C1206C106Z3VAC7800/?ref=eda","","","","",
"C41","1nF 50V 0603","GRM1885C1H102JA01D","CAPC1608X90N","1nfcapacitor","","","","","",""," SMD Capacitor C0G(EIA) with Capacitance: 1000pF Tol. 5%. Rated Voltage: 50Vdc ","490-1451-1-ND","","","Murata","GRM1885C1H102JA01D","","","","","1608 Murata","","","","https://pricing.snapeda.com/search/part/GRM1885C1H102JA01D/?ref=eda","","","","",
"C42","1muF 10V 0603","C0603C105K4PALTU","CAPC17595_90N_KEM","1uF-10V-0603","","","EMA_Frank","","","","","","","C0603C105K4PALTU","","","","","","","","","","","","Kemet_2020-03-25_2a","Kemet_2020-03-25_2.xlr","","Kemet",
"C43","0.1muF","GRM188R71E104KA01D","G-188_MUR","1.1uF-50V-0603","","","","","","Copyright (C) 2015 Accelerated Designs. All rights reserved","","","","GRM188R71E104KA01D","","","","","","","","","","","","Murata_2014-12-31","","","Murata",
"C44","0.1muF","GRM188R71E104KA01D","G-188_MUR","1.1uF-50V-0603","","","","","","Copyright (C) 2015 Accelerated Designs. All rights reserved","","","","GRM188R71E104KA01D","","","","","","","","","","","","Murata_2014-12-31","","","Murata",
"C45","100pF 50V 0603","06035A101JAT2A","CAPC1608X90N","100pfcapacitor","Capacitor: ceramic; MLCC; 100pF; 50V; C0G; ±5%; SMD; 0603","","","","",""," 100pF ±5% 50V Ceramic Capacitor C0G, NP0 0603 (1608 Metric) ","478-1175-1-ND","","","AVX","06035A101JAT2A","","","","","1608 AVX","","","","https://pricing.snapeda.com/search/part/06035A101JAT2A/?ref=eda","","","","",
"C46","0.1muF","GRM188R71E104KA01D","G-188_MUR","1.1uF-50V-0603","","","","","","Copyright (C) 2015 Accelerated Designs. All rights reserved","","","","GRM188R71E104KA01D","","","","","","","","","","","","Murata_2014-12-31","","","Murata",
"C47","10muF 25V 1206","C1206C106Z3VAC7800","CAPC3216X180N","10mufcapacitors","","","","","",""," 10µF -20%, +80% 25V Ceramic Capacitor Y5V (F) 1206 (3216 Metric) ","399-15076-1-ND","","","KEMET","C1206C106Z3VAC7800","","","","","3216 KEMET","","","","https://pricing.snapeda.com/search/part/C1206C106Z3VAC7800/?ref=eda","","","","",
"C48","0.1muF","GRM188R71E104KA01D","G-188_MUR","1.1uF-50V-0603","","","","","","Copyright (C) 2015 Accelerated Designs. All rights reserved","","","","GRM188R71E104KA01D","","","","","","","","","","","","Murata_2014-12-31","","","Murata",
"C49","10muF 25V 1206","C1206C106Z3VAC7800","CAPC3216X180N","10mufcapacitors","","","","","",""," 10µF -20%, +80% 25V Ceramic Capacitor Y5V (F) 1206 (3216 Metric) ","399-15076-1-ND","","","KEMET","C1206C106Z3VAC7800","","","","","3216 KEMET","","","","https://pricing.snapeda.com/search/part/C1206C106Z3VAC7800/?ref=eda","","","","",
"C50","1nF 50V 0603","GRM1885C1H102JA01D","CAPC1608X90N","1nfcapacitor","","","","","",""," SMD Capacitor C0G(EIA) with Capacitance: 1000pF Tol. 5%. Rated Voltage: 50Vdc ","490-1451-1-ND","","","Murata","GRM1885C1H102JA01D","","","","","1608 Murata","","","","https://pricing.snapeda.com/search/part/GRM1885C1H102JA01D/?ref=eda","","","","",
"C51","0.1muF","GRM188R71E104KA01D","G-188_MUR","1.1uF-50V-0603","","","","","","Copyright (C) 2015 Accelerated Designs. All rights reserved","","","","GRM188R71E104KA01D","","","","","","","","","","","","Murata_2014-12-31","","","Murata",
"C52","0.1muF","GRM188R71E104KA01D","G-188_MUR","1.1uF-50V-0603","","","","","","Copyright (C) 2015 Accelerated Designs. All rights reserved","","","","GRM188R71E104KA01D","","","","","","","","","","","","Murata_2014-12-31","","","Murata",
"C53","0.1muF","GRM188R71E104KA01D","G-188_MUR","1.1uF-50V-0603","","","","","","Copyright (C) 2015 Accelerated Designs. All rights reserved","","","","GRM188R71E104KA01D","","","","","","","","","","","","Murata_2014-12-31","","","Murata",
"C54","10muF 25V 1206","C1206C106Z3VAC7800","CAPC3216X180N","10mufcapacitors","","","","","",""," 10µF -20%, +80% 25V Ceramic Capacitor Y5V (F) 1206 (3216 Metric) ","399-15076-1-ND","","","KEMET","C1206C106Z3VAC7800","","","","","3216 KEMET","","","","https://pricing.snapeda.com/search/part/C1206C106Z3VAC7800/?ref=eda","","","","",
"C55","10muF 25V 1206","C1206C106Z3VAC7800","CAPC3216X180N","10mufcapacitors","","","","","",""," 10µF -20%, +80% 25V Ceramic Capacitor Y5V (F) 1206 (3216 Metric) ","399-15076-1-ND","","","KEMET","C1206C106Z3VAC7800","","","","","3216 KEMET","","","","https://pricing.snapeda.com/search/part/C1206C106Z3VAC7800/?ref=eda","","","","",
"C56","0.1muF","GRM188R71E104KA01D","G-188_MUR","1.1uF-50V-0603","","","","","","Copyright (C) 2015 Accelerated Designs. All rights reserved","","","","GRM188R71E104KA01D","","","","","","","","","","","","Murata_2014-12-31","","","Murata",
"C57","0.1muF","GRM188R71E104KA01D","G-188_MUR","1.1uF-50V-0603","","","","","","Copyright (C) 2015 Accelerated Designs. All rights reserved","","","","GRM188R71E104KA01D","","","","","","","","","","","","Murata_2014-12-31","","","Murata",
"C58","0.1muF","GRM188R71E104KA01D","G-188_MUR","1.1uF-50V-0603","","","","","","Copyright (C) 2015 Accelerated Designs. All rights reserved","","","","GRM188R71E104KA01D","","","","","","","","","","","","Murata_2014-12-31","","","Murata",
"CR35","SBR2U30P1-7","SBR2U30P1-7","DIODE_SBR3M30P1_1P78X2P8_DIO","D17-19","","","EMA_Anthony","","","Copyright (C) 2016 Accelerated Designs. All rights reserved","","","","SBR2U30P1-7","","","","","","","","","","","","Diodes_Inc_2018-12-15","","","Diodes Inc",
"CR36","SBR2U30P1-7","SBR2U30P1-7","DIODE_SBR3M30P1_1P78X2P8_DIO","D17-19","","","EMA_Anthony","","","Copyright (C) 2016 Accelerated Designs. All rights reserved","","","","SBR2U30P1-7","","","","","","","","","","","","Diodes_Inc_2018-12-15","","","Diodes Inc",
"D1","BAT54S-7-F","BAT54S-7-F","SOT95P240X110-3N","BAT54S-7-F","BAT54S Series 30 V 600 mA Surface Mount Schottky Barrier Diode - SOT-23","","","","",""," Diode Array 1 Pair Series Connection Schottky 30V 200mA (DC) Surface Mount TO-236-3, SC-59, SOT-23-3 ","BAT54S-FDICT-ND","","","Diodes Inc.","BAT54S-7-F","","","","","SOT-23 Diodes Inc.","","","","https://pricing.snapeda.com/search/part/BAT54S-7-F/?ref=eda","","","","",
"D2","BAT54S-7-F","BAT54S-7-F","SOT95P240X110-3N","BAT54S-7-F","BAT54S Series 30 V 600 mA Surface Mount Schottky Barrier Diode - SOT-23","","","","",""," Diode Array 1 Pair Series Connection Schottky 30V 200mA (DC) Surface Mount TO-236-3, SC-59, SOT-23-3 ","BAT54S-FDICT-ND","","","Diodes Inc.","BAT54S-7-F","","","","","SOT-23 Diodes Inc.","","","","https://pricing.snapeda.com/search/part/BAT54S-7-F/?ref=eda","","","","",
"D3","BAT54S-7-F","BAT54S-7-F","SOT95P240X110-3N","BAT54S-7-F","BAT54S Series 30 V 600 mA Surface Mount Schottky Barrier Diode - SOT-23","","","","",""," Diode Array 1 Pair Series Connection Schottky 30V 200mA (DC) Surface Mount TO-236-3, SC-59, SOT-23-3 ","BAT54S-FDICT-ND","","","Diodes Inc.","BAT54S-7-F","","","","","SOT-23 Diodes Inc.","","","","https://pricing.snapeda.com/search/part/BAT54S-7-F/?ref=eda","","","","",
"D5","BAT54S-7-F","BAT54S-7-F","SOT95P240X110-3N","BAT54S-7-F","BAT54S Series 30 V 600 mA Surface Mount Schottky Barrier Diode - SOT-23","","","","",""," Diode Array 1 Pair Series Connection Schottky 30V 200mA (DC) Surface Mount TO-236-3, SC-59, SOT-23-3 ","BAT54S-FDICT-ND","","","Diodes Inc.","BAT54S-7-F","","","","","SOT-23 Diodes Inc.","","","","https://pricing.snapeda.com/search/part/BAT54S-7-F/?ref=eda","","","","",
"D6","BAT54S-7-F","BAT54S-7-F","SOT95P240X110-3N","BAT54S-7-F","BAT54S Series 30 V 600 mA Surface Mount Schottky Barrier Diode - SOT-23","","","","",""," Diode Array 1 Pair Series Connection Schottky 30V 200mA (DC) Surface Mount TO-236-3, SC-59, SOT-23-3 ","BAT54S-FDICT-ND","","","Diodes Inc.","BAT54S-7-F","","","","","SOT-23 Diodes Inc.","","","","https://pricing.snapeda.com/search/part/BAT54S-7-F/?ref=eda","","","","",
"D7","BAT54S-7-F","BAT54S-7-F","SOT95P240X110-3N","BAT54S-7-F","BAT54S Series 30 V 600 mA Surface Mount Schottky Barrier Diode - SOT-23","","","","",""," Diode Array 1 Pair Series Connection Schottky 30V 200mA (DC) Surface Mount TO-236-3, SC-59, SOT-23-3 ","BAT54S-FDICT-ND","","","Diodes Inc.","BAT54S-7-F","","","","","SOT-23 Diodes Inc.","","","","https://pricing.snapeda.com/search/part/BAT54S-7-F/?ref=eda","","","","",
"D8","BAT54S-7-F","BAT54S-7-F","SOT95P240X110-3N","BAT54S-7-F","BAT54S Series 30 V 600 mA Surface Mount Schottky Barrier Diode - SOT-23","","","","",""," Diode Array 1 Pair Series Connection Schottky 30V 200mA (DC) Surface Mount TO-236-3, SC-59, SOT-23-3 ","BAT54S-FDICT-ND","","","Diodes Inc.","BAT54S-7-F","","","","","SOT-23 Diodes Inc.","","","","https://pricing.snapeda.com/search/part/BAT54S-7-F/?ref=eda","","","","",
"D9","BAT54S-7-F","BAT54S-7-F","SOT95P240X110-3N","BAT54S-7-F","BAT54S Series 30 V 600 mA Surface Mount Schottky Barrier Diode - SOT-23","","","","",""," Diode Array 1 Pair Series Connection Schottky 30V 200mA (DC) Surface Mount TO-236-3, SC-59, SOT-23-3 ","BAT54S-FDICT-ND","","","Diodes Inc.","BAT54S-7-F","","","","","SOT-23 Diodes Inc.","","","","https://pricing.snapeda.com/search/part/BAT54S-7-F/?ref=eda","","","","",
"D10","BAT54S-7-F","BAT54S-7-F","SOT95P240X110-3N","BAT54S-7-F","BAT54S Series 30 V 600 mA Surface Mount Schottky Barrier Diode - SOT-23","","","","",""," Diode Array 1 Pair Series Connection Schottky 30V 200mA (DC) Surface Mount TO-236-3, SC-59, SOT-23-3 ","BAT54S-FDICT-ND","","","Diodes Inc.","BAT54S-7-F","","","","","SOT-23 Diodes Inc.","","","","https://pricing.snapeda.com/search/part/BAT54S-7-F/?ref=eda","","","","",
"D11","BAT54S-7-F","BAT54S-7-F","SOT95P240X110-3N","BAT54S-7-F","BAT54S Series 30 V 600 mA Surface Mount Schottky Barrier Diode - SOT-23","","","","",""," Diode Array 1 Pair Series Connection Schottky 30V 200mA (DC) Surface Mount TO-236-3, SC-59, SOT-23-3 ","BAT54S-FDICT-ND","","","Diodes Inc.","BAT54S-7-F","","","","","SOT-23 Diodes Inc.","","","","https://pricing.snapeda.com/search/part/BAT54S-7-F/?ref=eda","","","","",
"D12","BAT54S-7-F","BAT54S-7-F","SOT95P240X110-3N","BAT54S-7-F","BAT54S Series 30 V 600 mA Surface Mount Schottky Barrier Diode - SOT-23","","","","",""," Diode Array 1 Pair Series Connection Schottky 30V 200mA (DC) Surface Mount TO-236-3, SC-59, SOT-23-3 ","BAT54S-FDICT-ND","","","Diodes Inc.","BAT54S-7-F","","","","","SOT-23 Diodes Inc.","","","","https://pricing.snapeda.com/search/part/BAT54S-7-F/?ref=eda","","","","",
"D13","BAT54S-7-F","BAT54S-7-F","SOT95P240X110-3N","BAT54S-7-F","BAT54S Series 30 V 600 mA Surface Mount Schottky Barrier Diode - SOT-23","","","","",""," Diode Array 1 Pair Series Connection Schottky 30V 200mA (DC) Surface Mount TO-236-3, SC-59, SOT-23-3 ","BAT54S-FDICT-ND","","","Diodes Inc.","BAT54S-7-F","","","","","SOT-23 Diodes Inc.","","","","https://pricing.snapeda.com/search/part/BAT54S-7-F/?ref=eda","","","","",
"D14","BAT54S-7-F","BAT54S-7-F","SOT95P240X110-3N","BAT54S-7-F","BAT54S Series 30 V 600 mA Surface Mount Schottky Barrier Diode - SOT-23","","","","",""," Diode Array 1 Pair Series Connection Schottky 30V 200mA (DC) Surface Mount TO-236-3, SC-59, SOT-23-3 ","BAT54S-FDICT-ND","","","Diodes Inc.","BAT54S-7-F","","","","","SOT-23 Diodes Inc.","","","","https://pricing.snapeda.com/search/part/BAT54S-7-F/?ref=eda","","","","",
"D15","BAT54S-7-F","BAT54S-7-F","SOT95P240X110-3N","BAT54S-7-F","BAT54S Series 30 V 600 mA Surface Mount Schottky Barrier Diode - SOT-23","","","","",""," Diode Array 1 Pair Series Connection Schottky 30V 200mA (DC) Surface Mount TO-236-3, SC-59, SOT-23-3 ","BAT54S-FDICT-ND","","","Diodes Inc.","BAT54S-7-F","","","","","SOT-23 Diodes Inc.","","","","https://pricing.snapeda.com/search/part/BAT54S-7-F/?ref=eda","","","","",
"D16","BAT54S-7-F","BAT54S-7-F","SOT95P240X110-3N","BAT54S-7-F","BAT54S Series 30 V 600 mA Surface Mount Schottky Barrier Diode - SOT-23","","","","",""," Diode Array 1 Pair Series Connection Schottky 30V 200mA (DC) Surface Mount TO-236-3, SC-59, SOT-23-3 ","BAT54S-FDICT-ND","","","Diodes Inc.","BAT54S-7-F","","","","","SOT-23 Diodes Inc.","","","","https://pricing.snapeda.com/search/part/BAT54S-7-F/?ref=eda","","","","",
"D17","BAT54S-7-F","BAT54S-7-F","SOT95P240X110-3N","BAT54S-7-F","BAT54S Series 30 V 600 mA Surface Mount Schottky Barrier Diode - SOT-23","","","","",""," Diode Array 1 Pair Series Connection Schottky 30V 200mA (DC) Surface Mount TO-236-3, SC-59, SOT-23-3 ","BAT54S-FDICT-ND","","","Diodes Inc.","BAT54S-7-F","","","","","SOT-23 Diodes Inc.","","","","https://pricing.snapeda.com/search/part/BAT54S-7-F/?ref=eda","","","","",
"D18","LTST-C191KFKT","LTST-C191KFKT","0603","ORANGE_LED","http://octopart.com/ltst-c190krkt-lite-on-549893","","","","",""," Orange 605nm LED Indication - Discrete 2V 0603 (1608 Metric) ","160-1445-1-ND","","","Lite-On Inc.","LTST-C191KFKT","","","","","0603 Lite-On","","","","https://pricing.snapeda.com/search/part/LTST-C191KFKT/?ref=eda","","","","",
"FC1","F1-4","F1-4","FCAP","New_FilterCapacitor","","","","","","","","","","","","","","","","","","","","","","","","","",
"FC2","F1-4","F1-4","FCAP","New_FilterCapacitor","","","","","","","","","","","","","","","","","","","","","","","","","",
"FC3","F1-4","F1-4","FCAP","New_FilterCapacitor","","","","","","","","","","","","","","","","","","","","","","","","","",
"FL1","330@100MHz","BLM21PG331SN1D","BEADC2012X105N","BLM21PG331SN1D","SMD Ferrite 0805 330 Ohm +-25% 6000mA","","","","",""," 330 Ohms @ 100MHz 1 Power Line Ferrite Bead 0805 (2012 Metric) 1.5A 70mOhm ","490-5988-1-ND","","","Murata","BLM21PG331SN1D","","","","","2012 Murata","","","","https://pricing.snapeda.com/search/part/BLM21PG331SN1D/?ref=eda","","","","",
"FL2","330@100MHz","BLM21PG331SN1D","BEADC2012X105N","BLM21PG331SN1D","SMD Ferrite 0805 330 Ohm +-25% 6000mA","","","","",""," 330 Ohms @ 100MHz 1 Power Line Ferrite Bead 0805 (2012 Metric) 1.5A 70mOhm ","490-5988-1-ND","","","Murata","BLM21PG331SN1D","","","","","2012 Murata","","","","https://pricing.snapeda.com/search/part/BLM21PG331SN1D/?ref=eda","","","","",
"FL3","330@100MHz","BLM21PG331SN1D","BEADC2012X105N","BLM21PG331SN1D","SMD Ferrite 0805 330 Ohm +-25% 6000mA","","","","",""," 330 Ohms @ 100MHz 1 Power Line Ferrite Bead 0805 (2012 Metric) 1.5A 70mOhm ","490-5988-1-ND","","","Murata","BLM21PG331SN1D","","","","","2012 Murata","","","","https://pricing.snapeda.com/search/part/BLM21PG331SN1D/?ref=eda","","","","",
"FL4","330@100MHz","BLM21PG331SN1D","BEADC2012X105N","BLM21PG331SN1D","SMD Ferrite 0805 330 Ohm +-25% 6000mA","","","","",""," 330 Ohms @ 100MHz 1 Power Line Ferrite Bead 0805 (2012 Metric) 1.5A 70mOhm ","490-5988-1-ND","","","Murata","BLM21PG331SN1D","","","","","2012 Murata","","","","https://pricing.snapeda.com/search/part/BLM21PG331SN1D/?ref=eda","","","","",
"FL5","330@100MHz","BLM21PG331SN1D","BEADC2012X105N","BLM21PG331SN1D","SMD Ferrite 0805 330 Ohm +-25% 6000mA","","","","",""," 330 Ohms @ 100MHz 1 Power Line Ferrite Bead 0805 (2012 Metric) 1.5A 70mOhm ","490-5988-1-ND","","","Murata","BLM21PG331SN1D","","","","","2012 Murata","","","","https://pricing.snapeda.com/search/part/BLM21PG331SN1D/?ref=eda","","","","",
"J1","61300211121","61300211121","CONN_61300211121_WRE","2pinheader","","","EMA_Anthony","","","Copyright (C) 2018 Accelerated Designs. All rights reserved","","","","61300211121","","","","","","","","","","","","Wurth_Electronics_2019-10-17","","","Wurth Electronics",
"J2","61300211121","61300211121","CONN_61300211121_WRE","2pinheader","","","EMA_Anthony","","","Copyright (C) 2018 Accelerated Designs. All rights reserved","","","","61300211121","","","","","","","","","","","","Wurth_Electronics_2019-10-17","","","Wurth Electronics",
"J3","61300211121","61300211121","CONN_61300211121_WRE","2pinheader","","","EMA_Anthony","","","Copyright (C) 2018 Accelerated Designs. All rights reserved","","","","61300211121","","","","","","","","","","","","Wurth_Electronics_2019-10-17","","","Wurth Electronics",
"J4","61300211121","61300211121","CONN_61300211121_WRE","2pinheader","","","EMA_Anthony","","","Copyright (C) 2018 Accelerated Designs. All rights reserved","","","","61300211121","","","","","","","","","","","","Wurth_Electronics_2019-10-17","","","Wurth Electronics",
"J5","61300211121","61300211121","CONN_61300211121_WRE","2pinheader","","","EMA_Anthony","","","Copyright (C) 2018 Accelerated Designs. All rights reserved","","","","61300211121","","","","","","","","","","","","Wurth_Electronics_2019-10-17","","","Wurth Electronics",
"J6","61300211121","61300211121","CONN_61300211121_WRE","2pinheader","","","EMA_Anthony","","","Copyright (C) 2018 Accelerated Designs. All rights reserved","","","","61300211121","","","","","","","","","","","","Wurth_Electronics_2019-10-17","","","Wurth Electronics",
"J7","61300211121","61300211121","CONN_61300211121_WRE","2pinheader","","","EMA_Anthony","","","Copyright (C) 2018 Accelerated Designs. All rights reserved","","","","61300211121","","","","","","","","","","","","Wurth_Electronics_2019-10-17","","","Wurth Electronics",
"J8","61300211121","61300211121","CONN_61300211121_WRE","2pinheader","","","EMA_Anthony","","","Copyright (C) 2018 Accelerated Designs. All rights reserved","","","","61300211121","","","","","","","","","","","","Wurth_Electronics_2019-10-17","","","Wurth Electronics",
"J9","61300211121","61300211121","CONN_61300211121_WRE","2pinheader","","","EMA_Anthony","","","Copyright (C) 2018 Accelerated Designs. All rights reserved","","","","61300211121","","","","","","","","","","","","Wurth_Electronics_2019-10-17","","","Wurth Electronics",
"J10","61300211121","61300211121","CONN_61300211121_WRE","2pinheader","","","EMA_Anthony","","","Copyright (C) 2018 Accelerated Designs. All rights reserved","","","","61300211121","","","","","","","","","","","","Wurth_Electronics_2019-10-17","","","Wurth Electronics",
"J11","61300211121","61300211121","CONN_61300211121_WRE","2pinheader","","","EMA_Anthony","","","Copyright (C) 2018 Accelerated Designs. All rights reserved","","","","61300211121","","","","","","","","","","","","Wurth_Electronics_2019-10-17","","","Wurth Electronics",
"J12","61300211121","61300211121","CONN_61300211121_WRE","2pinheader","","","EMA_Anthony","","","Copyright (C) 2018 Accelerated Designs. All rights reserved","","","","61300211121","","","","","","","","","","","","Wurth_Electronics_2019-10-17","","","Wurth Electronics",
"J13","61300211121","61300211121","CONN_61300211121_WRE","2pinheader","","","EMA_Anthony","","","Copyright (C) 2018 Accelerated Designs. All rights reserved","","","","61300211121","","","","","","","","","","","","Wurth_Electronics_2019-10-17","","","Wurth Electronics",
"J14","61300211121","61300211121","CONN_61300211121_WRE","2pinheader","","","EMA_Anthony","","","Copyright (C) 2018 Accelerated Designs. All rights reserved","","","","61300211121","","","","","","","","","","","","Wurth_Electronics_2019-10-17","","","Wurth Electronics",
"J15","61300211121","61300211121","CONN_61300211121_WRE","2pinheader","","","EMA_Anthony","","","Copyright (C) 2018 Accelerated Designs. All rights reserved","","","","61300211121","","","","","","","","","","","","Wurth_Electronics_2019-10-17","","","Wurth Electronics",
"J16","61300211121","61300211121","CONN_61300211121_WRE","2pinheader","","","EMA_Anthony","","","Copyright (C) 2018 Accelerated Designs. All rights reserved","","","","61300211121","","","","","","","","","","","","Wurth_Electronics_2019-10-17","","","Wurth Electronics",
"J17","1-1337543-0","1-1337543-0","CONN_1-1337543-0","BNC","BNC appliance socket, right angle [TE Connectivity] 1-1337543-0 BNC appliance socket, right angle","","","","",""," BNC Connector Jack, Female Socket 50Ohm Panel Mount, Through Hole, Right Angle Solder ","","","","TE Connectivity","113375430","","","","","None","","","","","","","","",
"J18","1-1337543-0","1-1337543-0","CONN_1-1337543-0","BNC","BNC appliance socket, right angle [TE Connectivity] 1-1337543-0 BNC appliance socket, right angle","","","","",""," BNC Connector Jack, Female Socket 50Ohm Panel Mount, Through Hole, Right Angle Solder ","","","","TE Connectivity","113375430","","","","","None","","","","","","","","",
"J19","1-1337543-0","1-1337543-0","CONN_1-1337543-0","BNC","BNC appliance socket, right angle [TE Connectivity] 1-1337543-0 BNC appliance socket, right angle","","","","",""," BNC Connector Jack, Female Socket 50Ohm Panel Mount, Through Hole, Right Angle Solder ","","","","TE Connectivity","113375430","","","","","None","","","","","","","","",
"J20","1-1337543-0","1-1337543-0","CONN_1-1337543-0","BNC","BNC appliance socket, right angle [TE Connectivity] 1-1337543-0 BNC appliance socket, right angle","","","","",""," BNC Connector Jack, Female Socket 50Ohm Panel Mount, Through Hole, Right Angle Solder ","","","","TE Connectivity","113375430","","","","","None","","","","","","","","",
"J21","5-146274-3","5-146274-3","TE_5-146274-3","5-146274-3","03 MODII HDR SRST B/A .100CL Check prices","In Stock","","2.54 mm[.1 in]","5-146274-3",""," AMPMODU 3 Position 2.54 mm Single Row Through-Hole Straight Breakaway Header ","","Compliant","","TE Connectivity","5-146274-3","","3","","","None","","None","Connector","","","","","",
"J22","5-146274-3","5-146274-3","TE_5-146274-3","5-146274-3","03 MODII HDR SRST B/A .100CL Check prices","In Stock","","2.54 mm[.1 in]","5-146274-3",""," AMPMODU 3 Position 2.54 mm Single Row Through-Hole Straight Breakaway Header ","","Compliant","","TE Connectivity","5-146274-3","","3","","","None","","None","Connector","","","","","",
"J23","5-146274-3","5-146274-3","TE_5-146274-3","5-146274-3","03 MODII HDR SRST B/A .100CL Check prices","In Stock","","2.54 mm[.1 in]","5-146274-3",""," AMPMODU 3 Position 2.54 mm Single Row Through-Hole Straight Breakaway Header ","","Compliant","","TE Connectivity","5-146274-3","","3","","","None","","None","Connector","","","","","",
"J24","5-146274-3","5-146274-3","TE_5-146274-3","5-146274-3","03 MODII HDR SRST B/A .100CL Check prices","In Stock","","2.54 mm[.1 in]","5-146274-3",""," AMPMODU 3 Position 2.54 mm Single Row Through-Hole Straight Breakaway Header ","","Compliant","","TE Connectivity","5-146274-3","","3","","","None","","None","Connector","","","","","",
"J29","61300211121","61300211121","CONN_61300211121_WRE","2pinheader","","","EMA_Anthony","","","Copyright (C) 2018 Accelerated Designs. All rights reserved","","","","61300211121","","","","","","","","","","","","Wurth_Electronics_2019-10-17","","","Wurth Electronics",
"J30","61300211121","61300211121","CONN_61300211121_WRE","2pinheader","","","EMA_Anthony","","","Copyright (C) 2018 Accelerated Designs. All rights reserved","","","","61300211121","","","","","","","","","","","","Wurth_Electronics_2019-10-17","","","Wurth Electronics",
"J31","61300211121","61300211121","CONN_61300211121_WRE","2pinheader","","","EMA_Anthony","","","Copyright (C) 2018 Accelerated Designs. All rights reserved","","","","61300211121","","","","","","","","","","","","Wurth_Electronics_2019-10-17","","","Wurth Electronics",
"J32","61300211121","61300211121","CONN_61300211121_WRE","2pinheader","","","EMA_Anthony","","","Copyright (C) 2018 Accelerated Designs. All rights reserved","","","","61300211121","","","","","","","","","","","","Wurth_Electronics_2019-10-17","","","Wurth Electronics",
"L1","1k@100MHz","BLM18AG601SN1D","IND_BLM18_0603_MUR","B2","","","EMA_UL_Team","","","","","","","BLM18AG601SN1D","","","","","","","","","","","","Murata_2010-01-01IND_BLM","","","MURATA",
"L2","1k@100MHz","BLM18AG601SN1D","IND_BLM18_0603_MUR","B2","","","EMA_UL_Team","","","","","","","BLM18AG601SN1D","","","","","","","","","","","","Murata_2010-01-01IND_BLM","","","MURATA",
"L3","1k@100MHz","BLM18AG601SN1D","IND_BLM18_0603_MUR","B2","","","EMA_UL_Team","","","","","","","BLM18AG601SN1D","","","","","","","","","","","","Murata_2010-01-01IND_BLM","","","MURATA",
"L4","1k@100MHz","BLM18AG601SN1D","IND_BLM18_0603_MUR","B2","","","EMA_UL_Team","","","","","","","BLM18AG601SN1D","","","","","","","","","","","","Murata_2010-01-01IND_BLM","","","MURATA",
"L5","1k@100MHZ","BLM18AG601SN1D","IND_BLM18_0603_MUR","B2","","","EMA_UL_Team","","","","","","","BLM18AG601SN1D","","","","","","","","","","","","Murata_2010-01-01IND_BLM","","","MURATA",
"PS1","POLYSWITCH","POLYSWITCH","RESC3115X65N","Polyswitch","","","","","","","","","","","","","","","","","","","","","","","","","",
"PS2","POLYSWITCH","POLYSWITCH","RESC3115X65N","Polyswitch","","","","","","","","","","","","","","","","","","","","","","","","","",
"Q2","IRF9530","IRF9530","TO220BV","transistor-power","P-CHANNEL HEXFET POWER-MOS-FET","","","","","","","","","","","","","","","","","4","","","","","","","",
"R2","33ohm 1% 0603","CRCW060333R0FKEA","RESC1508X50N","33ohmresistor","RESISTOR, 0603, 33R, 1%, FULL REEL","","","","",""," 33 Ohms ±1% 0.1W, 1/10W Chip Resistor 0603 (1608 Metric) Automotive AEC-Q200 Thick Film ","541-33.0HCT-ND","","","Vishay","CRCW060333R0FKEA","","","","","1508 Vishay","","","","https://pricing.snapeda.com/search/part/CRCW060333R0FKEA/?ref=eda","","","","",
"R3","33ohm 1% 0603","CRCW060333R0FKEA","RESC1508X50N","33ohmresistor","RESISTOR, 0603, 33R, 1%, FULL REEL","","","","",""," 33 Ohms ±1% 0.1W, 1/10W Chip Resistor 0603 (1608 Metric) Automotive AEC-Q200 Thick Film ","541-33.0HCT-ND","","","Vishay","CRCW060333R0FKEA","","","","","1508 Vishay","","","","https://pricing.snapeda.com/search/part/CRCW060333R0FKEA/?ref=eda","","","","",
"R4","CRCW12101K00FKEA","CRCW12101K00FKEA","RESC3225X60N","1210_1Kohms","RES, THICK FILM, 1K, 1%, 0.5W, 1210","","","","",""," 1 kOhms ±1% 0.5W, 1/2W Chip Resistor 1210 (3225 Metric) Automotive AEC-Q200 Thick Film ","541-1.00KAACT-ND","","","Vishay","CRCW12101K00FKEA","","","","","3225 Vishay","","","","https://pricing.snapeda.com/search/part/CRCW12101K00FKEA/?ref=eda","","","","",
"R5","CRCW12101K00FKEA","CRCW12101K00FKEA","RESC3225X60N","1210_1Kohms","RES, THICK FILM, 1K, 1%, 0.5W, 1210","","","","",""," 1 kOhms ±1% 0.5W, 1/2W Chip Resistor 1210 (3225 Metric) Automotive AEC-Q200 Thick Film ","541-1.00KAACT-ND","","","Vishay","CRCW12101K00FKEA","","","","","3225 Vishay","","","","https://pricing.snapeda.com/search/part/CRCW12101K00FKEA/?ref=eda","","","","",
"R6","1kohm 5% 0603","ERJ-3GEYJ102V","RESC1608X55N","1k0603resistor","Res Thick Film 1.6 x 0.8 mm 1K Ohm 5% 0.1W(1/10W) 200ppm/ C Molded SMD Punched Carrier T/R","","","","",""," 1 kOhms ±5% 0.1W, 1/10W Chip Resistor 0603 (1608 Metric) Automotive AEC-Q200 Thick Film ","P1.0KGCT-ND","","","Panasonic","ERJ-3GEYJ102V","","","","","1608 Panasonic Electronic Components","","","","https://pricing.snapeda.com/search/part/ERJ-3GEYJ102V/?ref=eda","","","","",
"R7","CRCW12101K00FKEA","CRCW12101K00FKEA","RESC3225X60N","1210_1Kohms","RES, THICK FILM, 1K, 1%, 0.5W, 1210","","","","",""," 1 kOhms ±1% 0.5W, 1/2W Chip Resistor 1210 (3225 Metric) Automotive AEC-Q200 Thick Film ","541-1.00KAACT-ND","","","Vishay","CRCW12101K00FKEA","","","","","3225 Vishay","","","","https://pricing.snapeda.com/search/part/CRCW12101K00FKEA/?ref=eda","","","","",
"R8","15kohm 0.1% 0603","ERA-3AEB153V","RC0603N_PAN","15kohmresistor","","","EMA_UL_Team","","","","","","","ERA-3AEB153V","","","","","","","","","","","","Panasonic_2010-01-01_Res1","","","Panasonic",
"R9","33ohm 1% 0603","CRCW060333R0FKEA","RESC1508X50N","33ohmresistor","RESISTOR, 0603, 33R, 1%, FULL REEL","","","","",""," 33 Ohms ±1% 0.1W, 1/10W Chip Resistor 0603 (1608 Metric) Automotive AEC-Q200 Thick Film ","541-33.0HCT-ND","","","Vishay","CRCW060333R0FKEA","","","","","1508 Vishay","","","","https://pricing.snapeda.com/search/part/CRCW060333R0FKEA/?ref=eda","","","","",
"R10","33ohm 1% 0603","CRCW060333R0FKEA","RESC1508X50N","33ohmresistor","RESISTOR, 0603, 33R, 1%, FULL REEL","","","","",""," 33 Ohms ±1% 0.1W, 1/10W Chip Resistor 0603 (1608 Metric) Automotive AEC-Q200 Thick Film ","541-33.0HCT-ND","","","Vishay","CRCW060333R0FKEA","","","","","1508 Vishay","","","","https://pricing.snapeda.com/search/part/CRCW060333R0FKEA/?ref=eda","","","","",
"R11","33ohm 1% 0603","CRCW060333R0FKEA","RESC1508X50N","33ohmresistor","RESISTOR, 0603, 33R, 1%, FULL REEL","","","","",""," 33 Ohms ±1% 0.1W, 1/10W Chip Resistor 0603 (1608 Metric) Automotive AEC-Q200 Thick Film ","541-33.0HCT-ND","","","Vishay","CRCW060333R0FKEA","","","","","1508 Vishay","","","","https://pricing.snapeda.com/search/part/CRCW060333R0FKEA/?ref=eda","","","","",
"R12","CRCW12101K00FKEA","CRCW12101K00FKEA","RESC3225X60N","1210_1Kohms","RES, THICK FILM, 1K, 1%, 0.5W, 1210","","","","",""," 1 kOhms ±1% 0.5W, 1/2W Chip Resistor 1210 (3225 Metric) Automotive AEC-Q200 Thick Film ","541-1.00KAACT-ND","","","Vishay","CRCW12101K00FKEA","","","","","3225 Vishay","","","","https://pricing.snapeda.com/search/part/CRCW12101K00FKEA/?ref=eda","","","","",
"R13","15kohm 0.1% 0603","ERA-3AEB153V","RC0603N_PAN","15kohmresistor","","","EMA_UL_Team","","","","","","","ERA-3AEB153V","","","","","","","","","","","","Panasonic_2010-01-01_Res1","","","Panasonic",
"R14","MICROSMD005F-2","MICROSMD005F-2","RESC3125X65N","MICROSMD005F-2","PTC Resettable Fuse 0.05A(hold) 0.15A(trip) 30VDC 10A 1W 1.5s 3.6Ohm SMD Solder Pad 1210 T/R Automotive","","","","",""," Polymeric PTC Resettable Fuse 30V 50mA Ih Surface Mount 1210 (3225 Metric), Concave ","MICROSMD005F-2CT-ND","","","Littelfuse Inc.","MICROSMD005F-2","","","","","1210 TE Connectivity","","","","https://pricing.snapeda.com/search/part/MICROSMD005F-2/?ref=eda","","","","",
"R15","MICROSMD005F-2","MICROSMD005F-2","RESC3125X65N","MICROSMD005F-2","PTC Resettable Fuse 0.05A(hold) 0.15A(trip) 30VDC 10A 1W 1.5s 3.6Ohm SMD Solder Pad 1210 T/R Automotive","","","","",""," Polymeric PTC Resettable Fuse 30V 50mA Ih Surface Mount 1210 (3225 Metric), Concave ","MICROSMD005F-2CT-ND","","","Littelfuse Inc.","MICROSMD005F-2","","","","","1210 TE Connectivity","","","","https://pricing.snapeda.com/search/part/MICROSMD005F-2/?ref=eda","","","","",
"R16","MICROSMD005F-2","MICROSMD005F-2","RESC3125X65N","MICROSMD005F-2","PTC Resettable Fuse 0.05A(hold) 0.15A(trip) 30VDC 10A 1W 1.5s 3.6Ohm SMD Solder Pad 1210 T/R Automotive","","","","",""," Polymeric PTC Resettable Fuse 30V 50mA Ih Surface Mount 1210 (3225 Metric), Concave ","MICROSMD005F-2CT-ND","","","Littelfuse Inc.","MICROSMD005F-2","","","","","1210 TE Connectivity","","","","https://pricing.snapeda.com/search/part/MICROSMD005F-2/?ref=eda","","","","",
"R17","MICROSMD005F-2","MICROSMD005F-2","RESC3125X65N","MICROSMD005F-2","PTC Resettable Fuse 0.05A(hold) 0.15A(trip) 30VDC 10A 1W 1.5s 3.6Ohm SMD Solder Pad 1210 T/R Automotive","","","","",""," Polymeric PTC Resettable Fuse 30V 50mA Ih Surface Mount 1210 (3225 Metric), Concave ","MICROSMD005F-2CT-ND","","","Littelfuse Inc.","MICROSMD005F-2","","","","","1210 TE Connectivity","","","","https://pricing.snapeda.com/search/part/MICROSMD005F-2/?ref=eda","","","","",
"R18","160ohm 1% 060","ERJ-3GEYJ102V","RESC1608X55N","1k0603resistor","Res Thick Film 1.6 x 0.8 mm 1K Ohm 5% 0.1W(1/10W) 200ppm/ C Molded SMD Punched Carrier T/R","","","","",""," 1 kOhms ±5% 0.1W, 1/10W Chip Resistor 0603 (1608 Metric) Automotive AEC-Q200 Thick Film ","P1.0KGCT-ND","","","Panasonic","ERJ-3GEYJ102V","","","","","1608 Panasonic Electronic Components","","","","https://pricing.snapeda.com/search/part/ERJ-3GEYJ102V/?ref=eda","","","","",
"R19","160ohm 1% 060","ERJ-3GEYJ102V","RESC1608X55N","1k0603resistor","Res Thick Film 1.6 x 0.8 mm 1K Ohm 5% 0.1W(1/10W) 200ppm/ C Molded SMD Punched Carrier T/R","","","","",""," 1 kOhms ±5% 0.1W, 1/10W Chip Resistor 0603 (1608 Metric) Automotive AEC-Q200 Thick Film ","P1.0KGCT-ND","","","Panasonic","ERJ-3GEYJ102V","","","","","1608 Panasonic Electronic Components","","","","https://pricing.snapeda.com/search/part/ERJ-3GEYJ102V/?ref=eda","","","","",
"R20","MICROSMD005F-2","MICROSMD005F-2","RESC3125X65N","MICROSMD005F-2","PTC Resettable Fuse 0.05A(hold) 0.15A(trip) 30VDC 10A 1W 1.5s 3.6Ohm SMD Solder Pad 1210 T/R Automotive","","","","",""," Polymeric PTC Resettable Fuse 30V 50mA Ih Surface Mount 1210 (3225 Metric), Concave ","MICROSMD005F-2CT-ND","","","Littelfuse Inc.","MICROSMD005F-2","","","","","1210 TE Connectivity","","","","https://pricing.snapeda.com/search/part/MICROSMD005F-2/?ref=eda","","","","",
"R21","MICROSMD005F-2","MICROSMD005F-2","RESC3125X65N","MICROSMD005F-2","PTC Resettable Fuse 0.05A(hold) 0.15A(trip) 30VDC 10A 1W 1.5s 3.6Ohm SMD Solder Pad 1210 T/R Automotive","","","","",""," Polymeric PTC Resettable Fuse 30V 50mA Ih Surface Mount 1210 (3225 Metric), Concave ","MICROSMD005F-2CT-ND","","","Littelfuse Inc.","MICROSMD005F-2","","","","","1210 TE Connectivity","","","","https://pricing.snapeda.com/search/part/MICROSMD005F-2/?ref=eda","","","","",
"R22","15kohm 0.1% 0603","ERA-3AEB153V","RC0603N_PAN","15kohmresistor","","","EMA_UL_Team","","","","","","","ERA-3AEB153V","","","","","","","","","","","","Panasonic_2010-01-01_Res1","","","Panasonic",
"R23","160ohm 1% 060","ERJ-3GEYJ102V","RESC1608X55N","1k0603resistor","Res Thick Film 1.6 x 0.8 mm 1K Ohm 5% 0.1W(1/10W) 200ppm/ C Molded SMD Punched Carrier T/R","","","","",""," 1 kOhms ±5% 0.1W, 1/10W Chip Resistor 0603 (1608 Metric) Automotive AEC-Q200 Thick Film ","P1.0KGCT-ND","","","Panasonic","ERJ-3GEYJ102V","","","","","1608 Panasonic Electronic Components","","","","https://pricing.snapeda.com/search/part/ERJ-3GEYJ102V/?ref=eda","","","","",
"R24","CRCW12101K00FKEA","CRCW12101K00FKEA","RESC3225X60N","1210_1Kohms","RES, THICK FILM, 1K, 1%, 0.5W, 1210","","","","",""," 1 kOhms ±1% 0.5W, 1/2W Chip Resistor 1210 (3225 Metric) Automotive AEC-Q200 Thick Film ","541-1.00KAACT-ND","","","Vishay","CRCW12101K00FKEA","","","","","3225 Vishay","","","","https://pricing.snapeda.com/search/part/CRCW12101K00FKEA/?ref=eda","","","","",
"R25","CRCW12101K00FKEA","CRCW12101K00FKEA","RESC3225X60N","1210_1Kohms","RES, THICK FILM, 1K, 1%, 0.5W, 1210","","","","",""," 1 kOhms ±1% 0.5W, 1/2W Chip Resistor 1210 (3225 Metric) Automotive AEC-Q200 Thick Film ","541-1.00KAACT-ND","","","Vishay","CRCW12101K00FKEA","","","","","3225 Vishay","","","","https://pricing.snapeda.com/search/part/CRCW12101K00FKEA/?ref=eda","","","","",
"R26","MICROSMD005F-2","MICROSMD005F-2","RESC3125X65N","MICROSMD005F-2","PTC Resettable Fuse 0.05A(hold) 0.15A(trip) 30VDC 10A 1W 1.5s 3.6Ohm SMD Solder Pad 1210 T/R Automotive","","","","",""," Polymeric PTC Resettable Fuse 30V 50mA Ih Surface Mount 1210 (3225 Metric), Concave ","MICROSMD005F-2CT-ND","","","Littelfuse Inc.","MICROSMD005F-2","","","","","1210 TE Connectivity","","","","https://pricing.snapeda.com/search/part/MICROSMD005F-2/?ref=eda","","","","",
"R27","MICROSMD005F-2","MICROSMD005F-2","RESC3125X65N","MICROSMD005F-2","PTC Resettable Fuse 0.05A(hold) 0.15A(trip) 30VDC 10A 1W 1.5s 3.6Ohm SMD Solder Pad 1210 T/R Automotive","","","","",""," Polymeric PTC Resettable Fuse 30V 50mA Ih Surface Mount 1210 (3225 Metric), Concave ","MICROSMD005F-2CT-ND","","","Littelfuse Inc.","MICROSMD005F-2","","","","","1210 TE Connectivity","","","","https://pricing.snapeda.com/search/part/MICROSMD005F-2/?ref=eda","","","","",
"R28","15kohm 0.1% 0603","ERA-3AEB153V","RC0603N_PAN","15kohmresistor","","","EMA_UL_Team","","","","","","","ERA-3AEB153V","","","","","","","","","","","","Panasonic_2010-01-01_Res1","","","Panasonic",
"R29","160ohm 1% 0603","ERJ-3GEYJ102V","RESC1608X55N","1k0603resistor","Res Thick Film 1.6 x 0.8 mm 1K Ohm 5% 0.1W(1/10W) 200ppm/ C Molded SMD Punched Carrier T/R","","","","",""," 1 kOhms ±5% 0.1W, 1/10W Chip Resistor 0603 (1608 Metric) Automotive AEC-Q200 Thick Film ","P1.0KGCT-ND","","","Panasonic","ERJ-3GEYJ102V","","","","","1608 Panasonic Electronic Components","","","","https://pricing.snapeda.com/search/part/ERJ-3GEYJ102V/?ref=eda","","","","",
"R30","CRCW12101K00FKEA","CRCW12101K00FKEA","RESC3225X60N","1210_1Kohms","RES, THICK FILM, 1K, 1%, 0.5W, 1210","","","","",""," 1 kOhms ±1% 0.5W, 1/2W Chip Resistor 1210 (3225 Metric) Automotive AEC-Q200 Thick Film ","541-1.00KAACT-ND","","","Vishay","CRCW12101K00FKEA","","","","","3225 Vishay","","","","https://pricing.snapeda.com/search/part/CRCW12101K00FKEA/?ref=eda","","","","",
"R31","CRCW12101K00FKEA","CRCW12101K00FKEA","RESC3225X60N","1210_1Kohms","RES, THICK FILM, 1K, 1%, 0.5W, 1210","","","","",""," 1 kOhms ±1% 0.5W, 1/2W Chip Resistor 1210 (3225 Metric) Automotive AEC-Q200 Thick Film ","541-1.00KAACT-ND","","","Vishay","CRCW12101K00FKEA","","","","","3225 Vishay","","","","https://pricing.snapeda.com/search/part/CRCW12101K00FKEA/?ref=eda","","","","",
"R32","0ohm 0603","CRCW06030000Z0EBC","RESC1608X55N","0603zeroOhm","","","","","",""," 0 Ohms Jumper 0.1W, 1/10W Chip Resistor 0603 (1608 Metric) Thick Film ","541-4013-1-ND","","","Vishay Dale","CRCW06030000Z0EBC","","","","","1608 Rohm Semiconductor","","","","","","","","",
"R33","0ohm 0603","CRCW06030000Z0EBC","RESC1608X55N","0603zeroOhm","","","","","",""," 0 Ohms Jumper 0.1W, 1/10W Chip Resistor 0603 (1608 Metric) Thick Film ","541-4013-1-ND","","","Vishay Dale","CRCW06030000Z0EBC","","","","","1608 Rohm Semiconductor","","","","","","","","",
"R34","0ohm 0603","CRCW06030000Z0EBC","RESC1608X55N","0603zeroOhm","","","","","",""," 0 Ohms Jumper 0.1W, 1/10W Chip Resistor 0603 (1608 Metric) Thick Film ","541-4013-1-ND","","","Vishay Dale","CRCW06030000Z0EBC","","","","","1608 Rohm Semiconductor","","","","","","","","",
"R35","1kohm 5% 0603","ERA-3AEB153V","RC0603N_PAN","15kohmresistor","","","EMA_UL_Team","","","","","","","ERA-3AEB153V","","","","","","","","","","","","Panasonic_2010-01-01_Res1","","","Panasonic",
"R36","10kohm 5% 0603","ERA-3AEB153V","RC0603N_PAN","15kohmresistor","","","EMA_UL_Team","","","","","","","ERA-3AEB153V","","","","","","","","","","","","Panasonic_2010-01-01_Res1","","","Panasonic",
"R37","10kohm 5% 0603","ERA-3AEB153V","RC0603N_PAN","15kohmresistor","","","EMA_UL_Team","","","","","","","ERA-3AEB153V","","","","","","","","","","","","Panasonic_2010-01-01_Res1","","","Panasonic",
"R38","CRCW06030000Z0EBC","CRCW06030000Z0EBC","RESC1608X55N","0603zeroOhm","","","","","",""," 0 Ohms Jumper 0.1W, 1/10W Chip Resistor 0603 (1608 Metric) Thick Film ","541-4013-1-ND","","","Vishay Dale","CRCW06030000Z0EBC","","","","","1608 Rohm Semiconductor","","","","","","","","",
"R40","10kohm 5% 0603","ERA-3AEB153V","RC0603N_PAN","15kohmresistor","","","EMA_UL_Team","","","","","","","ERA-3AEB153V","","","","","","","","","","","","Panasonic_2010-01-01_Res1","","","Panasonic",
"TP1","PTR1B1,27","PTR1B1,27","B1,27","testpad","TEST PIN","","","","","","","","","","","","","","","","","2","","","","","","","",
"TP2","PTR1B1,27","PTR1B1,27","B1,27","testpad","TEST PIN","","","","","","","","","","","","","","","","","2","","","","","","","",
"TP3","PTR1B1,27","PTR1B1,27","B1,27","testpad","TEST PIN","","","","","","","","","","","","","","","","","2","","","","","","","",
"TP4","PTR1B1,27","PTR1B1,27","B1,27","testpad","TEST PIN","","","","","","","","","","","","","","","","","2","","","","","","","",
"TP5","PTR1B1,27","PTR1B1,27","B1,27","testpad","TEST PIN","","","","","","","","","","","","","","","","","2","","","","","","","",
"TP6","PTR1B1,27","PTR1B1,27","B1,27","testpad","TEST PIN","","","","","","","","","","","","","","","","","2","","","","","","","",
"TP7","PTR1B1,27","PTR1B1,27","B1,27","testpad","TEST PIN","","","","","","","","","","","","","","","","","2","","","","","","","",
"TV1","54_SMBJ54CA","54_SMBJ54CA","DIOM5436X220N","SMBJ16CA","","","","","","","","","","","","","","","","","","","","","","","","","",
"TV2","54_SMBJ54CA","54_SMBJ54CA","DIOM5436X220N","SMBJ16CA","","","","","","","","","","","","","","","","","","","","","","","","","",
"TV3","SMBJ54CA","54_SMBJ54CA","DIOM5436X220N","SMBJ16CA","","","","","","","","","","","","","","","","","","","","","","","","","",
"TV4","54_SMBJ54CA","54_SMBJ54CA","DIOM5436X220N","SMBJ16CA","","","","","","","","","","","","","","","","","","","","","","","","","",
"TV5","54_SMBJ54CA","54_SMBJ54CA","DIOM5436X220N","SMBJ16CA","","","","","","","","","","","","","","","","","","","","","","","","","",
"TV6","54_SMBJ54CA","54_SMBJ54CA","DIOM5436X220N","SMBJ16CA","","","","","","","","","","","","","","","","","","","","","","","","","",
"TV7","54_SMBJ54CA","54_SMBJ54CA","DIOM5436X220N","SMBJ16CA","","","","","","","","","","","","","","","","","","","","","","","","","",
"TV8","54_SMBJ54CA","54_SMBJ54CA","DIOM5436X220N","SMBJ16CA","","","","","","","","","","","","","","","","","","","","","","","","","",
"TV9","54_SMBJ54CA","54_SMBJ54CA","DIOM5436X220N","SMBJ16CA","","","","","","","","","","","","","","","","","","","","","","","","","",
"TV10","54_SMBJ54CA","54_SMBJ54CA","DIOM5436X220N","SMBJ16CA","","","","","","","","","","","","","","","","","","","","","","","","","",
"TV11","54_SMBJ54CA","54_SMBJ54CA","DIOM5436X220N","SMBJ16CA","","","","","","","","","","","","","","","","","","","","","","","","","",
"TV12","54_SMBJ54CA","54_SMBJ54CA","DIOM5436X220N","SMBJ16CA","","","","","","","","","","","","","","","","","","","","","","","","","",
"TV13","54_SMBJ54CA","54_SMBJ54CA","DIOM5436X220N","SMBJ16CA","","","","","","","","","","","","","","","","","","","","","","","","","",
"TV14","54_SMBJ54CA","54_SMBJ54CA","DIOM5436X220N","SMBJ16CA","","","","","","","","","","","","","","","","","","","","","","","","","",
"TV15","54_SMBJ54CA","54_SMBJ54CA","DIOM5436X220N","SMBJ16CA","","","","","","","","","","","","","","","","","","","","","","","","","",
"TV16","54_SMBJ54CA","54_SMBJ54CA","DIOM5436X220N","SMBJ16CA","","","","","","","","","","","","","","","","","","","","","","","","","",
"TV17","SMBJ16CA","SMBJ16CA","DIOM5436X220N","SMBJ16CA","","","","","","","","","","","","","","","","","","","","","","","","","",
"TV18","SMBJ16CA","SMBJ16CA","DIOM5436X220N","SMBJ16CA","","","","","","","","","","","","","","","","","","","","","","","","","",
"TV19","SMBJ16CA","SMBJ16CA","DIOM5436X220N","SMBJ16CA","","","","","","","","","","","","","","","","","","","","","","","","","",
"TV20","SMBJ16CA","SMBJ16CA","DIOM5436X220N","SMBJ16CA","","","","","","","","","","","","","","","","","","","","","","","","","",
"TV21","SMBJ16CA","SMBJ16CA","DIOM5436X220N","SMBJ16CA","","","","","","","","","","","","","","","","","","","","","","","","","",
"TV22","SMBJ16CA","SMBJ16CA","DIOM5436X220N","SMBJ16CA","","","","","","","","","","","","","","","","","","","","","","","","","",
"TV23","SMBJ16CA","SMBJ16CA","DIOM5436X220N","SMBJ16CA","","","","","","","","","","","","","","","","","","","","","","","","","",
"TV24","SMBJ16CA","SMBJ16CA","DIOM5436X220N","SMBJ16CA","","","","","","","","","","","","","","","","","","","","","","","","","",
"TV25","SMBJ16CA","SMBJ16CA","DIOM5436X220N","SMBJ16CA","","","","","","","","","","","","","","","","","","","","","","","","","",
"TV26","SMBJ16CA","SMBJ16CA","DIOM5436X220N","SMBJ16CA","","","","","","","","","","","","","","","","","","","","","","","","","",
"TV27","SMBJ16CA","SMBJ16CA","DIOM5436X220N","SMBJ16CA","","","","","","","","","","","","","","","","","","","","","","","","","",
"TV28","SMBJ16CA","SMBJ16CA","DIOM5436X220N","SMBJ16CA","","","","","","","","","","","","","","","","","","","","","","","","","",
"TV29","SMBJ16CA","SMBJ16CA","DIOM5436X220N","SMBJ16CA","","","","","","","","","","","","","","","","","","","","","","","","","",
"TV30","SMBJ16CA","SMBJ16CA","DIOM5436X220N","SMBJ16CA","","","","","","","","","","","","","","","","","","","","","","","","","",
"TV31","SMBJ16CA","SMBJ16CA","DIOM5436X220N","SMBJ16CA","","","","","","","","","","","","","","","","","","","","","","","","","",
"TV32","SMBJ16CA","SMBJ16CA","DIOM5436X220N","SMBJ16CA","","","","","","","","","","","","","","","","","","","","","","","","","",
"TV33","SMBJ16CA","SMBJ16CA","DIOM5436X220N","SMBJ16CA","","","","","","","","","","","","","","","","","","","","","","","","","",
"TV34","SMBJ16CA","SMBJ16CA","DIOM5436X220N","SMBJ16CA","","","","","","","","","","","","","","","","","","","","","","","","","",
"U1","AD5750-2BCPZ","AD5750-2BCPZ","CP_32_7_ADI","AD5750-2BCPZ","","","EMA_Christopher","","","Copyright (C) 2016 Accelerated Designs. All rights reserved","","","","AD5750-2BCPZ","","","","","","","","","","","","Analog_Devices_2018-07-13","","","Analog Devices Inc",
"U2","AD5750-2BCPZ","AD5750-2BCPZ","CP_32_7_ADI","AD5750-2BCPZ","","","EMA_Christopher","","","Copyright (C) 2016 Accelerated Designs. All rights reserved","","","","AD5750-2BCPZ","","","","","","","","","","","","Analog_Devices_2018-07-13","","","Analog Devices Inc",
"U3","ADUM3301BRWZ","ADUM3301BRWZ","RW_16_ADI","ADUM3391BRWZ","","","EMA_UL_Team","","","Copyright (C) 2018 Accelerated Designs. All rights reserved","","","","ADUM3301BRWZ","","","","","","","","","","","","Analog_2019-03-08","","","Analog Devices Inc",
"U4","ADUM5400ARWZRW_16_ADI-L","ADUM5400ARWZRW_16_ADI-L","RW_16_ADI-L","ADUM5400ARWZ","","","EMA_UL_Team","","","","","","","ADUM5400ARWZ","","","","","","","","","","","","Analog_2012-01-01_8","","","Analog Devices Inc",
"U5","AD5750-2BCPZ","AD5750-2BCPZ","CP_32_7_ADI","AD5750-2BCPZ","","","EMA_Christopher","","","Copyright (C) 2016 Accelerated Designs. All rights reserved","","","","AD5750-2BCPZ","","","","","","","","","","","","Analog_Devices_2018-07-13","","","Analog Devices Inc",
"U6","AD5750-2BCPZ","AD5750-2BCPZ","CP_32_7_ADI","AD5750-2BCPZ","","","EMA_Christopher","","","Copyright (C) 2016 Accelerated Designs. All rights reserved","","","","AD5750-2BCPZ","","","","","","","","","","","","Analog_Devices_2018-07-13","","","Analog Devices Inc",
"U7","AD5686RARUZ","AD5686RARUZ","RU-16_ADI","AD5658RARUZ","","","SunStream","","","Copyright (C) 2018 Accelerated Designs. All rights reserved","","","","AD5686RARUZ","","","","","","","","","","","","Analog_Devices_Inc_2020-09-15","","","Analog Devices Inc",
"U9","CZRF15VB-HF","CZRF15VB-HF","CZRF","zd","","","EMA_UL_Team","","","","","","","CZRF15VB-HF","","","","","","","","","","","","ComchipTechnology_2015-04-20","","","Comchip",
"U10","MAX6071BAUT25T","MAX6071BAUT25T","SOT95P280X145-6N","MAX6071BAUT25T","Check availability","In Stock","","","",""," Series Voltage Reference IC Fixed 2.5V V ±0.08% 10 mA SOT-6 ","","","","Maxim Integrated","MAX6071BAUT25+T","","","","","SOT-23-6 Maxim Integrated","","None","","https://pricing.snapeda.com/search/part/MAX6071BAUT25+T/?ref=eda","","","","",
"X1","X1 (J3_J1)","TSW-110-07-G-D","TSW-110-XX-G-D","con-samtec","THROUGH-HOLE .025" SQ POST HEADER","","","","","","","","","","Samtec Inc.","","TSW-110-07-G-D","","","","","","","","","","","","",
"X2","X2 (J2_J4)","TSW-110-07-G-D","TSW-110-XX-G-D","con-samtec","THROUGH-HOLE .025" SQ POST HEADER","","","","","","","","","","Samtec Inc.","","TSW-110-07-G-D","","","","","","","","","","","","",
